{
  "db-only_mixed": {
    "best_trial_num": 0,
    "best_objective": 0.0,
    "best_params": {
      "learning_rate": 0.0002805758207667253,
      "weight_decay": 0.0071144760093434225,
      "scheduler": "constant",
      "dropout": 0.20459808211767092,
      "depth": 2,
      "layer_repeats": 5,
      "embedding_dim": 256,
      "batch_size": 192,
      "label_smoothing": 0.32007025121345817,
      "use_focal_loss_health": true,
      "focal_alpha": 0.17272998688284025,
      "focal_gamma": 0.9585112746335845
    },
    "task_metrics": {}
  }
}